Title,Media URL,Pinterest board,Thumbnail,Description,Link,Publish date,Keywords
Stylish & Affordable Backyard Fence Ideas for Privacy & Curb Appeal,https://thesundaypatio.com/wp-content/uploads/2026/02/pin_final_e79e92d565.jpg,Patio Inspiration,,"Discover budget-friendly backyard fence ideas that combine style and function. Get inspiration for wood, wire, vinyl, and modern horizontal fences that provide privacy, define your space, and boost your home's curb appeal. Perfect for DIY projects and creating your own backyard sanctuary. #backyardfenceideas #privacyfence #affordablefencing #diyfence #backyarddesign",https://thesundaypatio.com/affordable-privacy-fencing-12-fence/,2026-02-16T20:45:00,
Transform Your Backyard: Cozy Landscaping Designs & Layout Ideas,https://thesundaypatio.com/wp-content/uploads/2026/02/pin_final_9284c69b85.jpg,Patio Inspiration,,"Discover inspiring backyard landscaping designs to create your perfect outdoor retreat. From cozy patios and modern layouts to budget-friendly ideas and space-maximizing plans, find solutions for family entertainment, relaxation, and adding value to your home. Get inspired for your next backyard transformation. #backyardideas #landscapingdesign #outdoorliving #patiodesign #gardengoals",https://thesundaypatio.com/backyard-landscaping-designs-transform-your/,2026-02-17T00:45:00,
Modern Wood Slat Privacy Screen Ideas for Your Patio & Deck,https://thesundaypatio.com/wp-content/uploads/2026/02/pin_final_42aaed8975.jpg,Patio Inspiration,,"Discover stylish and effective outdoor privacy screen ideas to transform your patio, deck, or balcony into a private sanctuary. From modern wood slat designs and adjustable louvered panels to cheap DIY solutions and decorative lattice, find inspiration to block neighbors' views and create a cozy, secluded outdoor living space. Perfect for creating a secret garden feel or hiding utility areas like AC units.",https://thesundaypatio.com/outdoor-privacy-screen-7-clever/,2026-02-17T04:45:00,
23 DIY Dog Run Ideas for a Safe & Fun Backyard Space,https://thesundaypatio.com/wp-content/uploads/2026/02/pin_final_86aac81935.jpg,Patio Inspiration,,"Transform your backyard with these creative and easy DIY dog run ideas. Build a secure, fun space for your pup with step-by-step projects using wood, turf, and affordable fencing. Perfect for side yards and tight spaces. Get inspired to create the perfect pet area!",https://thesundaypatio.com/diy-dog-run-ideas-backyard/,2026-02-17T08:45:00,"DIY dog run ideas backyard, run, dog run, ideas, backyard, diy"
Modern Outdoor Privacy Screen Ideas for a Secluded Patio Sanctuary,https://thesundaypatio.com/wp-content/uploads/2026/02/pin_final_bc17f35b53.jpg,Patio Inspiration,,"Discover stylish and effective outdoor privacy screen solutions to transform your patio or deck into a private retreat. From modern wood slat designs to adjustable louvered panels and decorative metal screens, find inspiration to block neighbors' views and create your own secret garden sanctuary. Explore freestanding options, DIY ideas, and premium panels perfect for hot tub areas, decks, and balconies. Get the peace and seclusion you deserve in your outdoor living space. #THE_SUNDAY_PATIO",https://thesundaypatio.com/privacy-screen-outdoor/,2026-02-17T12:45:00,"privacy screen outdoor, screen, privacy screen, outdoor, ideas, com"
Build a Safe & Fun DIY Dog Run for Your Backyard,https://thesundaypatio.com/wp-content/uploads/2026/02/pin_final_901edac4bf.jpg,Patio Inspiration,,"Discover creative and practical DIY dog run ideas to transform your backyard into a secure and enjoyable space for your pup. Get inspired by smart layouts, budget-friendly builds, and functional designs that solve common problems like muddy trails and lack of shade. Perfect for side yards and tight spaces. Save this pin for your next backyard project!",https://thesundaypatio.com/diy-dog-run-ideas-backyard-2/,2026-02-17T16:45:00,"DIY dog run ideas backyard, run, dog run, ideas, backyard, diy"
Transform Your Yard: 25+ Chic & Affordable Backyard Fence Ideas,https://thesundaypatio.com/wp-content/uploads/2026/02/pin_final_5b9424fce4.jpg,Patio Inspiration,,"Discover stylish and budget-friendly backyard fence ideas for ultimate privacy and curb appeal. From modern horizontal wood designs to creative wood and wire combinations, find inspiration to create your perfect outdoor sanctuary. Explore DIY options, affordable materials, and clever landscaping tips to enhance your space. Perfect for solving privacy problems and boosting your home's style. Save these ideas for your next patio project!",https://thesundaypatio.com/backyard-fence-ideas/,2026-02-17T20:45:00,"backyard fence ideas, ideas, fence ideas, privacy, com, fencing"
Modern Wood Slat Privacy Screen Ideas for Your Patio | THE SUNDAY PATIO,https://thesundaypatio.com/wp-content/uploads/2026/02/pin_final_6bf6dbbace.jpg,Patio Inspiration,,"Discover stylish and effective outdoor privacy screen ideas to transform your patio or deck into a secluded retreat. From modern wood slat designs to freestanding lattice panels, find inspiration to block neighbors' views and create a cozy, intimate outdoor space. Perfect for decks, balconies, and hot tub areas. Explore DIY solutions and ready-made panels to build your perfect private sanctuary. #PrivacyScreen #OutdoorPrivacy #PatioIdeas #BackyardPrivacy #DeckPrivacy",https://thesundaypatio.com/privacy-screen-outdoor-2/,2026-02-18T00:45:00,"privacy screen outdoor, screen, privacy screen, outdoor, ideas, com"
Budget-Friendly Backyard Patio Designs & Simple Landscaping Ideas,https://thesundaypatio.com/wp-content/uploads/2026/02/pin_final_7a10433810.jpg,Patio Inspiration,,"Transform your outdoor space with these inspiring backyard landscaping ideas. Discover simple, budget-friendly patio designs, low-maintenance plant choices, and cozy layout tips to create your perfect retreat for family and entertainment. From modern gravel patios to creative small yard solutions, find the inspiration you need for your dream backyard. Explore more at THE_SUNDAY_PATIO.",https://thesundaypatio.com/backyard-landscaping-ideas/,2026-02-18T04:45:00,"backyard landscaping ideas, ideas, landscaping, com, backyard landscaping, landscaping ideas"
25+ Modern Backyard Fence Ideas for Privacy & Style | THE SUNDAY PATIO,https://thesundaypatio.com/wp-content/uploads/2026/02/pin_final_47351d2d41.jpg,Patio Inspiration,,"Discover affordable and stylish backyard fence ideas to create your perfect private oasis. Get inspiration for modern horizontal wood fences, budget-friendly DIY options, chic hog wire designs, and creative privacy solutions. Transform your yard with these functional and beautiful fencing ideas that maximize curb appeal and space.",https://thesundaypatio.com/backyard-fence-ideas-2/,2026-02-18T08:45:00,"backyard fence ideas, ideas, fence ideas, privacy, com, fencing"
Easy & Affordable DIY Raised Garden Bed Ideas for Your Backyard,https://thesundaypatio.com/wp-content/uploads/2026/02/pin_final_0450d1daed.jpg,Backyard Gardening,,"Discover brilliant and budget-friendly raised garden bed ideas you can build yourself! Get inspired by DIY plans, clever layouts, and simple designs for growing vegetables and herbs. Avoid common beginner mistakes and learn how to create a productive and beautiful garden space. Perfect for patios and small backyards. Save this pin for your next gardening project!",https://thesundaypatio.com/raised-garden-bed-ideas/,2026-02-18T12:45:00,"raised garden bed ideas, raised, raised garden, bed, beds, garden bed"
Create a Clean & Stylish Dog Potty Area for Your Backyard,https://thesundaypatio.com/wp-content/uploads/2026/02/pin_final_52952fa3b4.jpg,Patio Inspiration,,"Discover brilliant DIY ideas to build a dedicated outdoor dog potty area that keeps your backyard clean and beautiful. Learn how to use artificial turf, gravel, or other pet-friendly materials to create a functional zone your dog will use. Get inspired by smart designs that solve the mess problem while enhancing your outdoor space. Perfect for pet owners looking for backyard solutions. #DogPottyArea #BackyardIdeas #DogFriendlyBackyard #OutdoorDogArea #DIYPetProjects",https://thesundaypatio.com/dog-potty-area-backyard/,2026-02-18T16:45:00,"dog potty area backyard, backyard, ideas, area, outdoor, potty"
Cozy Back Porch Patio Ideas on a Budget | Outdoor Living Inspiration,https://thesundaypatio.com/wp-content/uploads/2026/02/pin_final_1a902c68bd.jpg,Patio Inspiration,,"Discover cozy back porch patio ideas and covered outdoor living inspiration. Get budget-friendly decorating tips, DIY pergola plans, and clever solutions to create a stylish and inviting space. Perfect for transforming your backyard into a relaxing retreat.",https://thesundaypatio.com/back-porch-patio-ideas/,2026-02-18T20:45:00,"back porch patio ideas, patio, porch, patio ideas, outdoor, com"
